URN,Consent,Gender,Age group,Relationship,Ethnicity,SA_1,SA_2,SA_3,SA_4,SA_5,SA_6,SA_7,SA_8,SA_9,SA_10,SA_11,SA_12,SA_13,SA_14,SA_15,SA_16,SA_17,SA_18,SA_19,SA_20,AA_1,AA_2,AA_3,AA_4,AA_5,AA_6,AA_7,AA_8,AA_9,SEst_1,SEst_2,SEst_3,SEst_4,SEst_5,SEst_6,SEst_7,SEst_8,SEst_9,SEst_10
902001-901983-95598992,1,1,2,2,1,3,4,1,1,4,2,3,2,3,2,3,2,2,4,3,4,3,4,2,2,2,2,2,2,2,2,1,2,2,1,4,1,2,4,2,2,2,4,2
902001-901983-95621770,1,2,4,1,1,2,1,1,1,2,2,2,1,2,1,5,2,2,1,1,1,1,2,2,2,2,2,1,1,2,2,2,1,2,2,2,2,3,3,1,2,3,3,2
902001-901983-95627782,1,2,2,2,1,3,1,3,2,4,4,1,2,3,2,4,3,3,1,3,3,1,2,2,4,4,3,2,1,1,3,2,2,2,2,2,2,2,3,2,2,3,3,2
902001-901983-95621159,1,2,5,2,1,3,1,2,1,3,3,3,3,3,2,2,3,3,3,2,3,1,2,2,1,1,1,1,2,2,2,1,2,1,2,4,1,2,4,4,1,4,4,2
902001-901983-95678186,1,2,1,5,2,4,3,5,4,5,4,5,2,1,1,4,4,5,5,3,4,5,1,4,5,4,6,6,6,5,5,5,7,3,1,4,2,1,4,4,1,1,4,4
902001-901983-95678173,1,2,1,5,2,2,1,2,2,1,1,3,2,1,2,2,2,1,3,2,3,3,3,3,2,2,2,2,3,2,2,2,2,2,2,1,2,2,3,1,2,1,3,2
902001-901983-95678187,1,2,1,5,2,2,2,1,2,3,1,2,1,3,1,3,2,1,1,1,2,2,1,2,5,1,2,1,2,3,2,1,2,1,1,4,1,1,4,3,1,2,4,1
902001-901983-95682018,1,2,1,5,2,5,4,2,4,2,3,4,2,2,2,3,3,3,5,5,5,5,4,4,3,4,4,4,4,4,4,4,4,2,3,2,3,3,2,3,3,2,2,3
902001-901983-95682799,1,2,1,5,2,4,3,4,3,3,2,3,2,2,4,2,3,2,3,4,4,2,2,2,4,2,1,2,2,1,1,1,3,1,3,2,2,2,3,2,2,2,3,3
902001-901983-95683347,1,1,1,5,2,2,3,3,2,4,2,2,3,4,2,4,3,2,2,2,3,2,2,2,3,2,2,2,4,4,4,2,3,3,2,3,2,2,3,3,2,3,3,2
902001-901983-95683082,1,2,1,5,2,3,3,1,4,4,3,2,2,3,1,4,2,2,3,4,1,4,4,2,4,4,3,5,6,7,5,3,5,3,2,2,1,2,2,2,1,3,3,3
902001-901983-95624941,1,2,5,1,1,5,1,3,1,3,2,2,2,2,3,2,2,1,1,5,5,4,2,2,2,2,2,2,2,1,2,3,2,2,2,3,2,2,3,3,2,3,3,2
902001-901983-95761363,1,1,1,5,1,1,2,2,1,2,1,2,1,1,2,2,1,1,1,2,2,1,1,2,2,2,2,2,5,5,2,1,5,2,2,1,1,1,3,1,1,1,3,2
902001-901983-95858598,1,2,1,5,2,2,1,3,1,4,2,2,2,3,1,3,3,2,2,2,3,2,1,1,2,2,1,1,1,4,2,1,1,2,2,3,2,2,2,3,2,3,4,2
902001-901983-95867940,1,2,1,5,2,4,3,3,3,3,3,2,2,4,3,2,4,3,3,4,4,2,2,3,5,4,4,4,4,4,3,2,4,3,3,2,2,2,3,3,3,2,2,2
902001-901983-95869124,1,2,1,7,2,5,5,5,2,5,5,5,5,5,3,3,5,5,5,5,5,5,5,5,5,3,3,3,3,3,5,3,3,3,3,1,3,3,1,1,3,1,1,3
902001-901983-95871413,1,2,2,6,2,2,2,3,2,3,3,4,4,2,2,3,4,3,2,4,4,3,2,3,3,3,3,3,4,2,4,4,4,4,2,3,2,2,3,3,2,2,4,2
902001-901983-95872448,1,1,1,2,2,4,3,3,3,5,3,3,3,4,3,2,3,3,1,4,4,3,4,2,2,2,2,2,4,3,2,2,3,3,3,3,2,2,2,2,1,2,3,1
902001-901983-96044699,1,2,1,5,2,3,1,1,1,4,3,2,2,4,2,2,1,1,1,1,2,1,1,1,1,2,1,1,1,1,1,1,1,1,2,3,2,2,3,3,1,2,3,1
902001-901983-96068872,1,2,1,2,2,5,1,5,2,1,5,5,5,2,3,1,5,2,3,5,5,5,5,5,5,7,7,7,7,7,7,7,7,7,3,1,2,2,1,1,2,1,1,3
902001-901983-96073775,1,1,1,5,1,5,1,2,2,1,1,4,1,3,3,4,5,5,5,5,5,5,5,5,3,7,7,5,7,6,7,3,5,6,3,1,2,2,2,1,3,1,1,3
902001-901983-96074971,1,2,1,5,2,5,4,5,4,4,2,4,2,3,3,3,4,3,3,3,4,4,4,4,3,7,7,7,7,7,7,7,7,7,3,1,2,3,2,1,2,1,2,3
902001-901983-96074849,1,2,1,7,1,5,5,4,5,3,5,5,4,2,4,3,5,4,2,5,5,5,5,5,5,6,6,6,6,4,7,1,5,4,2,2,1,2,3,2,2,2,4,3
902001-901983-96075527,1,1,1,7,1,4,3,3,4,2,2,4,2,3,4,2,5,4,4,4,4,5,3,3,4,6,5,5,6,5,7,5,6,4,3,2,2,2,3,1,2,2,2,
902001-901983-96085310,1,2,2,2,1,4,3,1,2,3,3,3,3,3,2,4,4,2,2,4,4,4,2,4,4,5,5,5,5,5,6,4,5,3,2,2,1,1,3,1,1,3,3,2
902001-901983-96097982,1,2,3,1,1,3,1,4,2,3,3,3,2,2,3,2,4,2,1,4,4,4,2,4,5,1,2,4,3,2,4,1,1,4,3,1,2,1,2,2,2,1,2,4
902001-901983-96122318,1,2,2,2,1,4,1,2,3,3,4,2,3,4,3,3,4,2,3,3,4,4,5,4,2,7,7,7,7,7,7,7,7,6,3,1,2,2,2,1,2,1,1,3
902001-901983-96132400,1,2,2,5,2,5,3,3,3,2,2,2,1,4,1,5,2,2,5,1,1,1,3,2,1,4,4,4,4,3,4,5,5,6,2,2,1,2,3,2,1,2,3,3
902001-901983-96152649,1,2,3,5,2,1,1,2,2,4,1,2,2,2,2,3,2,2,2,2,5,2,2,4,4,6,6,6,5,6,6,6,7,6,2,1,1,1,3,3,1,2,4,2
902001-901983-96165410,1,2,1,1,1,3,1,2,3,3,1,3,2,2,2,3,1,2,1,2,3,1,4,3,2,1,1,1,2,3,1,1,1,2,2,2,1,1,4,3,1,2,3,2
902001-901983-96167514,1,2,1,5,2,3,2,3,2,2,2,2,1,2,1,3,3,2,2,3,3,2,1,3,3,3,3,5,6,7,2,4,5,2,2,2,2,2,3,2,2,1,3,2
902001-901983-96205103,1,2,1,2,2,4,2,2,1,5,1,2,1,2,3,4,3,2,2,1,4,1,2,2,3,1,1,1,1,1,3,1,1,1,1,4,1,1,4,3,1,2,4,1
902001-901983-96207074,1,2,1,5,6,5,1,3,2,4,3,4,2,1,4,4,5,2,4,5,5,5,1,3,5,2,1,1,7,2,2,4,7,7,1,2,1,1,2,2,2,1,2,1
902001-901983-96207823,1,2,1,5,2,4,5,4,3,3,2,4,2,2,3,3,4,2,3,5,5,4,1,3,3,2,2,4,2,5,3,2,4,4,2,3,1,2,2,3,1,1,4,1
902001-901983-96208641,1,2,1,2,2,2,2,1,1,2,1,4,1,3,1,5,1,1,1,1,3,1,4,5,5,1,1,7,2,4,7,1,1,7,1,4,1,1,4,4,1,1,3,3
902001-901983-96209285,1,2,1,2,1,2,1,1,3,5,1,2,2,5,2,4,1,5,2,3,2,2,2,1,3,6,6,6,6,6,6,7,5,4,3,1,2,2,3,1,2,2,2,3
902001-901983-96228881,1,1,1,2,2,4,3,1,2,2,2,2,2,2,2,2,3,2,3,3,3,2,3,3,2,5,3,1,3,5,4,3,6,2,3,1,2,2,2,2,2,1,3,2
902001-901983-96234027,1,2,1,5,2,4,2,3,1,2,3,2,1,1,2,2,4,3,2,3,2,2,2,2,4,2,2,3,2,2,2,2,2,2,2,3,2,3,2,2,2,1,3,2
902001-901983-96344879,1,2,3,2,2,4,4,3,5,4,3,2,2,3,1,4,3,1,1,2,3,2,3,2,4,2,4,2,2,2,2,2,2,2,2,3,1,2,4,3,2,3,3,1
902001-901983-96370305,1,1,1,5,2,3,1,2,4,2,1,1,1,4,1,4,4,2,2,2,1,3,2,2,2,4,3,4,3,3,2,3,3,3,2,3,2,2,3,3,2,3,4,1
902001-901983-96371287,1,1,1,5,1,3,1,3,1,5,2,3,3,3,2,4,4,3,3,4,4,3,1,2,4,6,4,2,5,6,4,2,5,4,1,2,1,1,3,2,1,1,3,2
902001-901983-96370690,1,2,1,5,1,3,1,2,2,1,2,1,2,4,1,4,2,4,4,2,3,2,2,1,3,6,6,7,7,7,6,5,4,3,2,2,2,2,3,2,2,2,3,2
902001-901983-96370512,1,2,1,2,1,2,1,4,3,4,3,2,1,3,2,3,3,4,2,2,3,4,4,3,2,3,3,2,5,2,2,1,2,2,2,2,2,2,3,2,2,2,3,3
902001-901983-96371105,1,2,1,5,2,4,2,2,3,5,1,4,4,2,2,5,5,2,5,5,4,4,4,4,5,7,7,7,7,7,7,1,7,4,4,1,2,2,4,4,2,1,1,3
902001-901983-96410680,1,2,1,5,2,2,2,2,2,2,2,2,2,2,2,2,2,2,2,2,2,2,2,2,2,2,2,2,2,2,2,2,2,2,2,2,2,2,2,2,2,2,2,2
902001-901983-96410687,1,2,1,5,2,2,2,1,1,2,2,2,3,2,1,2,4,1,1,4,4,2,1,2,2,1,1,1,1,5,1,1,1,1,2,4,2,2,3,4,2,3,4,2
902001-901983-96414017,1,1,5,4,1,2,1,2,2,4,2,2,2,3,2,3,2,1,1,2,2,2,2,2,2,3,2,2,3,2,3,2,3,2,2,3,1,2,3,2,2,2,3,2
902001-901983-96418291,1,2,1,5,2,4,1,3,2,4,1,1,1,5,1,5,2,2,2,2,2,2,1,2,1,1,1,1,5,6,2,2,5,5,1,4,1,1,3,2,1,1,4,1
902001-901983-96594443,1,2,1,2,1,4,1,3,2,5,2,1,1,5,1,5,1,1,1,1,2,1,1,1,1,3,1,1,5,5,2,1,2,1,1,2,1,1,4,3,1,3,3,1
902001-901983-96649260,1,2,1,5,2,5,5,2,2,3,1,4,,1,1,5,4,1,1,5,4,4,5,2,3,2,5,1,7,7,2,5,6,1,1,2,2,1,1,2,1,1,4,2
902001-901983-96647111,1,2,2,5,2,4,3,3,4,4,5,5,3,1,1,3,3,2,2,4,4,4,4,4,4,3,3,3,3,3,5,1,3,3,2,2,2,2,3,2,2,2,3,2
902001-901983-96694967,1,1,2,2,5,3,2,2,1,4,2,2,2,4,2,4,2,1,3,2,2,1,4,2,4,2,2,2,1,2,2,2,1,1,3,3,2,1,3,3,2,1,4,2
902001-901983-96698509,1,2,1,2,2,3,5,2,2,3,5,3,5,3,4,2,4,2,2,4,5,2,3,4,5,7,1,4,1,7,3,2,2,1,3,2,2,2,3,2,2,3,2,3
902001-901983-96705875,1,2,1,2,2,2,3,1,1,5,1,1,1,5,1,5,1,1,1,1,3,2,3,2,3,7,7,5,7,7,1,4,7,7,2,4,2,2,4,4,2,1,4,2
902001-901983-96772986,1,2,1,5,2,2,2,3,1,4,2,3,2,3,1,4,3,1,1,2,2,2,2,2,5,2,1,3,5,7,1,2,3,2,2,1,1,1,3,3,1,1,4,2
902001-901983-96850509,1,2,2,5,1,3,2,2,3,4,3,3,3,3,2,2,3,,5,5,5,3,3,2,5,7,7,7,7,7,7,3,7,7,2,2,2,2,2,2,2,2,3,2
902001-901983-96862942,1,2,1,5,2,3,1,2,2,3,2,2,5,2,2,2,2,3,2,3,4,4,2,2,2,2,2,2,2,2,2,2,2,2,3,1,3,3,1,1,2,2,2,2
902001-901983-96863636,1,1,2,5,2,4,1,1,1,4,1,2,3,3,2,3,2,3,2,3,4,3,2,3,2,5,4,2,2,5,1,2,3,1,2,4,1,1,2,2,1,2,3,1
902001-901983-96864705,1,1,1,5,2,3,1,2,1,4,1,2,1,4,1,3,2,2,3,2,2,2,1,2,1,6,2,2,3,7,1,2,4,2,2,2,2,2,3,2,2,1,4,2
902001-901983-96882999,1,2,1,2,2,5,3,3,3,4,2,4,3,4,4,4,3,4,4,3,2,4,4,2,3,3,2,6,5,5,7,4,4,3,2,1,3,2,2,3,2,3,2,2
902001-901983-97306091,1,2,2,2,1,4,1,4,2,3,3,3,2,3,2,3,3,3,4,4,3,4,5,4,5,2,2,1,1,1,2,3,1,1,2,4,1,1,4,4,1,2,4,2
902001-901983-97307561,1,2,2,2,1,4,2,3,4,2,2,3,2,1,3,2,4,5,3,4,5,4,4,2,5,3,4,3,4,2,4,1,4,3,3,2,2,2,3,1,3,1,3,4
902001-901983-97517545,1,2,1,2,1,2,2,1,2,4,1,2,1,3,1,4,2,1,1,1,2,2,4,2,3,3,3,3,4,2,3,1,2,1,2,2,2,2,3,2,2,2,3,3
